{
  "name": "Legal Assistant Env",
  "values": [
    {
      "key": "base_url",
      "value": "http://82.165.144.150:8080",
      "enabled": true
    },
    {
      "key": "token",
      "value": "",
      "enabled": true
    },
    {
      "key": "user_id",
      "value": "",
      "enabled": true
    },
    {
      "key": "law_id",
      "value": "",
      "enabled": true
    },
    {
      "key": "decision_id",
      "value": "",
      "enabled": true
    },
    {
      "key": "rand_user",
      "value": "",
      "enabled": true
    },
    {
      "key": "rand_email",
      "value": "",
      "enabled": true
    }
  ],
  "_postman_variable_scope": "environment",
  "_postman_exported_at": "2025-10-07T20:55:00.000Z",
  "_postman_exported_using": "Postman/11.13.0"
}
